company,fiscal_year,section,topic,mentions,word_count,mentions_per_10k_words,topic_rate_change,latest_year
Costco,2025,MD&A,Capital Investment,7,27624,2.5340283811178685,0.3912477661398319,2025
Costco,2025,MD&A,Competition,32,27624,11.584129742253113,0.1559664623702517,2025
Costco,2025,MD&A,Consumer Demand,1,27624,0.3620040544454098,0.004873951949070365,2025
Costco,2025,MD&A,Cybersecurity,31,27624,11.222125687807704,0.5082226129175229,2025
Costco,2025,MD&A,Debt & Interest Rates,65,27624,23.530263538951633,1.0310670816822487,2025
Costco,2025,MD&A,Economic Uncertainty,9,27624,3.2580364900086884,0.043865567541633954,2025
Costco,2025,MD&A,Inflation & Costs,7,27624,2.5340283811178685,-0.3230124388528468,2025
Costco,2025,MD&A,Inventory,38,27624,13.756154068925571,0.18521017406467344,2025
Costco,2025,MD&A,Labor,58,27624,20.996235157833766,-7.931303144369725,2025
Costco,2025,MD&A,Regulation,38,27624,13.756154068925571,0.8994703790573535,2025
Costco,2025,MD&A,Supply Chain,42,27624,15.204170286707212,1.6332263918463141,2025
Costco,2025,Risk Factors,Capital Investment,2,10360,1.9305019305019304,0.9339897232273914,2025
Costco,2025,Risk Factors,Competition,25,10360,24.131274131274132,-0.7815310505893471,2025
Costco,2025,Risk Factors,Consumer Demand,1,10360,0.9652509652509652,-0.03126124202357383,2025
Costco,2025,Risk Factors,Cybersecurity,32,10360,30.888030888030887,-0.003847537479824581,2025
Costco,2025,Risk Factors,Debt & Interest Rates,3,10360,2.8957528957528957,-0.09378372607072194,2025
Costco,2025,Risk Factors,Economic Uncertainty,9,10360,8.687258687258687,-0.28135117821216404,2025
Costco,2025,Risk Factors,Inflation & Costs,2,10360,1.9305019305019304,-0.06252248404714766,2025
Costco,2025,Risk Factors,Inventory,12,10360,11.583011583011583,-0.37513490428288776,2025
Costco,2025,Risk Factors,Labor,19,10360,18.33976833976834,1.3990608161011764,2025
Costco,2025,Risk Factors,Regulation,33,10360,31.853281853281853,0.9614034277711418,2025
Costco,2025,Risk Factors,Supply Chain,32,10360,30.888030888030887,1.989176877069255,2025
Home Depot,2026,MD&A,Capital Investment,8,43761,1.8281117890358995,-0.03317575662381067,2026
Home Depot,2026,MD&A,Competition,53,43761,12.111240602362834,-0.21978938763274591,2026
Home Depot,2026,MD&A,Consumer Demand,5,43761,1.1425698681474372,-0.020734847889881447,2026
Home Depot,2026,MD&A,Cybersecurity,62,43761,14.167866365028221,0.4408707157878595,2026
Home Depot,2026,MD&A,Debt & Interest Rates,120,43761,27.42167683553849,-3.056906724639262,2026
Home Depot,2026,MD&A,Economic Uncertainty,21,43761,4.7987934462192365,-0.5524082475524299,2026
Home Depot,2026,MD&A,Inflation & Costs,9,43761,2.056625762665387,-1.433288385446569,2026
Home Depot,2026,MD&A,Inventory,120,43761,27.42167683553849,-1.1956191789795483,2026
Home Depot,2026,MD&A,Labor,63,43761,14.396380338657709,-1.4245637994498264,2026
Home Depot,2026,MD&A,Regulation,72,43761,16.453006101323098,0.6320619632155626,2026
Home Depot,2026,MD&A,Supply Chain,165,43761,37.70480564886543,-0.45158903715862664,2026
Home Depot,2026,Risk Factors,Capital Investment,2,19526,1.0242753252074157,-0.04707672107499272,2026
Home Depot,2026,Risk Factors,Competition,52,19526,26.63115845539281,-1.2239947479498063,2026
Home Depot,2026,Risk Factors,Consumer Demand,5,19526,2.5606883130185394,-0.11769180268748203,2026
Home Depot,2026,Risk Factors,Cybersecurity,62,19526,31.75253508142989,0.1476497160988437,2026
Home Depot,2026,Risk Factors,Debt & Interest Rates,3,19526,1.5364129878111237,-1.1419671278948977,2026
Home Depot,2026,Risk Factors,Economic Uncertainty,19,19526,9.73061558947045,-1.5185808964948375,2026
Home Depot,2026,Risk Factors,Inflation & Costs,7,19526,3.584963638225955,-2.843148639468496,2026
Home Depot,2026,Risk Factors,Inventory,23,19526,11.779166239885281,-0.5413822923624156,2026
Home Depot,2026,Risk Factors,Labor,36,19526,18.436955853733483,-1.3830570024910713,2026
Home Depot,2026,Risk Factors,Regulation,63,19526,32.2646727440336,0.12411135556134667,2026
Home Depot,2026,Risk Factors,Supply Chain,124,19526,63.50507016285978,-5.5971368223555515,2026
Lowes,2026,MD&A,Capital Investment,11,37103,2.964719833975689,-0.11590861422774434,2026
Lowes,2026,MD&A,Competition,38,37103,10.24175942646147,-0.12035444476825852,2026
Lowes,2026,MD&A,Consumer Demand,10,37103,2.6951998490688083,-0.3854285991346251,2026
Lowes,2026,MD&A,Cybersecurity,53,37103,14.284559200064685,0.001645485666948332,2026
Lowes,2026,MD&A,Debt & Interest Rates,92,37103,24.795838611433037,-1.2494746324687185,2026
Lowes,2026,MD&A,Economic Uncertainty,13,37103,3.503759803789451,-0.6970971710334131,2026
Lowes,2026,MD&A,Inflation & Costs,8,37103,2.1561598792550467,-0.36435430563867177,2026
Lowes,2026,MD&A,Inventory,79,37103,21.292078807643588,-0.8324345930901629,2026
Lowes,2026,MD&A,Labor,58,37103,15.632159124599088,-0.051040248072936834,2026
Lowes,2026,MD&A,Regulation,57,37103,15.362639139692208,-0.8806744962895312,2026
Lowes,2026,MD&A,Supply Chain,81,37103,21.83111877745735,-1.6936802815506908,2026
Lowes,2026,Risk Factors,Capital Investment,2,14374,1.3914011409489355,0.013895803115751226,2026
Lowes,2026,Risk Factors,Competition,37,14374,25.740921107555305,0.9458250265579906,2026
Lowes,2026,Risk Factors,Consumer Demand,10,14374,6.957005704744677,0.06947901557875635,2026
Lowes,2026,Risk Factors,Cybersecurity,54,14374,37.56783080562126,1.7526920219584738,2026
Lowes,2026,Risk Factors,Debt & Interest Rates,9,14374,6.26130513427021,0.06253111402088152,2026
Lowes,2026,Risk Factors,Economic Uncertainty,11,14374,7.652706275219146,0.07642691713663385,2026
Lowes,2026,Risk Factors,Inflation & Costs,6,14374,4.174203422846807,0.041687409347254345,2026
Lowes,2026,Risk Factors,Inventory,15,14374,10.435508557117016,-0.5845341455484583,2026
Lowes,2026,Risk Factors,Labor,34,14374,23.653819396131905,0.924981321884367,2026
Lowes,2026,Risk Factors,Regulation,46,14374,32.00222624182552,0.3196034716622833,2026
Lowes,2026,Risk Factors,Supply Chain,58,14374,40.35063308751913,-3.7295377231427693,2026
Target,2026,MD&A,Capital Investment,7,29270,2.3915271609156132,-0.11025982979203475,2026
Target,2026,MD&A,Competition,28,29270,9.566108643662453,0.6311551054208522,2026
Target,2026,MD&A,Consumer Demand,12,29270,4.099760847283909,-0.18901685107205957,2026
Target,2026,MD&A,Cybersecurity,64,29270,21.865391185514177,-1.365488013913982,2026
Target,2026,MD&A,Debt & Interest Rates,86,29270,29.38161940553468,-0.6398244829571027,2026
Target,2026,MD&A,Economic Uncertainty,15,29270,5.124701059104886,-0.236271063840074,2026
Target,2026,MD&A,Inflation & Costs,7,29270,2.3915271609156132,-0.11025982979203475,2026
Target,2026,MD&A,Inventory,76,29270,25.965152032798084,-1.554504864986047,2026
Target,2026,MD&A,Labor,86,29270,29.38161940553468,1.1471662246912153,2026
Target,2026,MD&A,Regulation,47,29270,16.057396651861975,-0.38291785850256943,2026
Target,2026,MD&A,Supply Chain,66,29270,22.548684660061497,-1.3969908224259946,2026
Target,2026,Risk Factors,Capital Investment,0,12072,0.0,0.0,2026
Target,2026,Risk Factors,Competition,25,12072,20.709078860172298,2.53221800404215,2026
Target,2026,Risk Factors,Consumer Demand,11,12072,9.111994698475812,-1.7941218152022778,2026
Target,2026,Risk Factors,Cybersecurity,65,12072,53.84360503644798,-6.140035788781503,2026
Target,2026,Risk Factors,Debt & Interest Rates,6,12072,4.970178926441351,-0.4828793303976937,2026
Target,2026,Risk Factors,Economic Uncertainty,14,12072,11.597084161696488,-1.1267184375946133,2026
Target,2026,Risk Factors,Inflation & Costs,5,12072,4.14181577203446,-0.4023994419980772,2026
Target,2026,Risk Factors,Inventory,25,12072,20.709078860172298,-3.8296832956034024,2026
Target,2026,Risk Factors,Labor,40,12072,33.13452617627568,-0.49266640756509616,2026
Target,2026,Risk Factors,Regulation,35,12072,28.992710404241222,-2.8167960939865324,2026
Target,2026,Risk Factors,Supply Chain,44,12072,36.447978793903246,-3.541115089583073,2026
Walmart,2026,MD&A,Capital Investment,23,48068,4.784888075226762,0.17890029110740713,2026
Walmart,2026,MD&A,Competition,60,48068,12.482316717982856,0.4666964115845378,2026
Walmart,2026,MD&A,Consumer Demand,8,48068,1.6643088957310477,-0.13803415022869991,2026
Walmart,2026,MD&A,Cybersecurity,72,48068,14.978780061579428,0.5600356939014475,2026
Walmart,2026,MD&A,Debt & Interest Rates,113,48068,23.50836315220105,1.2794655853641608,2026
Walmart,2026,MD&A,Economic Uncertainty,13,48068,2.704501955562953,-0.2994031210366268,2026
Walmart,2026,MD&A,Inflation & Costs,8,48068,1.6643088957310477,-0.13803415022869991,2026
Walmart,2026,MD&A,Inventory,43,48068,8.945660314554381,0.13420542319561513,2026
Walmart,2026,MD&A,Labor,72,48068,14.978780061579428,2.9631597551811097,2026
Walmart,2026,MD&A,Regulation,98,48068,20.387783972705336,0.1614897902681669,2026
Walmart,2026,MD&A,Supply Chain,132,48068,27.461096779562286,-2.377693647993535,2026
Walmart,2026,Risk Factors,Capital Investment,5,21703,2.303828963737732,0.11200010173527719,2026
Walmart,2026,Risk Factors,Competition,52,21703,23.959821222872417,3.3566299200493397,2026
Walmart,2026,Risk Factors,Consumer Demand,8,21703,3.6861263419803714,-0.2591656096240471,2026
Walmart,2026,Risk Factors,Cybersecurity,72,21703,33.175137077823344,2.0511672373884835,2026
Walmart,2026,Risk Factors,Debt & Interest Rates,4,21703,1.8430631709901857,0.08960008138822162,2026
Walmart,2026,Risk Factors,Economic Uncertainty,11,21703,5.06842372022301,-0.6303313209833714,2026
Walmart,2026,Risk Factors,Inflation & Costs,6,21703,2.764594756485278,0.13440012208233254,2026
Walmart,2026,Risk Factors,Inventory,14,21703,6.4507210984656504,-0.12476548754171368,2026
Walmart,2026,Risk Factors,Labor,38,21703,17.509100124406764,4.796492724792525,2026
Walmart,2026,Risk Factors,Regulation,85,21703,39.16509238354145,0.5889044122982412,2026
Walmart,2026,Risk Factors,Supply Chain,94,21703,43.31198451826937,-3.593153128583168,2026
