company,fiscal_year,section,word_count,uncertainty_mentions,negative_mentions,positive_mentions,uncertainty_per_10k_words,negative_per_10k_words,positive_per_10k_words,uncertainty_per_10k_words_change,negative_per_10k_words_change,positive_per_10k_words_change
Costco,2021,MD&A,28239,111,92,138,39.30734091150537,32.5790573320585,48.868585998087745,,,
Costco,2022,MD&A,27132,101,92,128,37.22541648238243,33.90830016217013,47.17676544301931,-2.0819244291229424,1.3292428301116317,-1.691820555068432
Costco,2023,MD&A,26775,95,84,127,35.48085901027078,31.372549019607842,47.43230625583567,-1.7445574721116515,-2.5357511425622867,0.2555408128163563
Costco,2024,MD&A,28001,113,84,136,40.35570158208635,29.998928609692513,48.569693939502166,4.87484257181557,-1.373620409915329,1.1373876836664962
Costco,2025,MD&A,27624,115,79,120,41.630466261222125,28.598320301187375,43.440486533449175,1.274764679135778,-1.400608308505138,-5.129207406052991
Costco,2021,Risk Factors,9389,76,33,43,80.94578762381511,35.147513047182876,45.79827457663223,,,
Costco,2022,Risk Factors,9265,69,32,45,74.4738262277388,34.53858607663249,48.56988667026443,-6.47196139607631,-0.6089269705503852,2.7716120936322
Costco,2023,Risk Factors,9085,63,31,42,69.3450742982939,34.1221794166208,46.23004953219593,-5.128751929444903,-0.41640666001168825,-2.3398371380685035
Costco,2024,Risk Factors,10035,81,32,43,80.71748878923768,31.88839063278525,42.85002491280518,11.372414490943783,-2.2337887838355535,-3.3800246193907455
Costco,2025,Risk Factors,10360,83,33,43,80.11583011583012,31.853281853281853,41.50579150579151,-0.601658673407556,-0.03510877950339619,-1.3442334070136752
Home Depot,2022,MD&A,37353,172,88,173,46.04717157925735,23.55901801729446,46.31488769309025,,,
Home Depot,2023,MD&A,37349,164,86,163,43.91014484992905,23.02605156764572,43.642400064258744,-2.137026729328305,-0.5329664496487396,-2.6724876288315045
Home Depot,2024,MD&A,39057,164,96,159,41.98991217963489,24.579460788078965,40.70973193025578,-1.9202326702941548,1.5534092204332453,-2.9326681340029666
Home Depot,2025,MD&A,42981,185,92,177,43.042274493380795,21.404806775086666,41.18098694772109,1.0523623137459026,-3.174654012992299,0.4712550174653103
Home Depot,2026,MD&A,43761,185,89,178,42.27508512145518,20.337743653024383,40.675487306048765,-0.7671893719256175,-1.067063122062283,-0.5054996416723228
Home Depot,2022,Risk Factors,17228,137,26,104,79.52170884606454,15.091711167866265,60.36684467146506,,,
Home Depot,2023,Risk Factors,17834,133,27,105,74.57665134013682,15.13962094874958,58.876303689581704,-4.945057505927721,0.04790978088331421,-1.4905409818833562
Home Depot,2024,Risk Factors,19077,135,29,107,70.76584368611417,15.201551606646747,56.08848351417938,-3.8108076540226534,0.06193065789716812,-2.7878201754023237
Home Depot,2025,Risk Factors,18668,144,30,104,77.1373473323334,16.070280694236125,55.710306406685234,6.371503646219239,0.8687290875893776,-0.378177107494146
Home Depot,2026,Risk Factors,19526,141,34,108,72.21141042712281,17.412680528526067,55.31086756120045,-4.925936905210591,1.3423998342899424,-0.3994388454847808
Lowes,2022,MD&A,35536,127,111,192,35.73840612336785,31.235929761368755,54.02971634398919,,,
Lowes,2023,MD&A,37129,121,130,177,32.58908131110453,35.01306256564949,47.67163133938431,-3.1493248122633233,3.777132804280736,-6.358085004604881
Lowes,2024,MD&A,36773,151,117,158,41.06273624670274,31.816822124928617,42.966306801185645,8.473654935598212,-3.1962404407208744,-4.705324538198667
Lowes,2025,MD&A,35707,157,101,167,43.968969669812644,28.285770297140616,46.769540986361214,2.906233423109903,-3.5310518277880014,3.803234185175569
Lowes,2026,MD&A,37103,157,78,185,42.31463763038029,21.022558822736706,49.86119720777295,-1.6543320394323544,-7.26321147440391,3.091656221411739
Lowes,2022,Risk Factors,12390,83,22,102,66.98950766747377,17.756255044390638,82.32445520581115,,,
Lowes,2023,Risk Factors,12860,78,25,104,60.653188180404356,19.44012441679627,80.87091757387248,-6.336319487069417,1.6838693724056313,-1.4535376319386728
Lowes,2024,Risk Factors,13760,105,29,107,76.30813953488372,21.075581395348838,77.76162790697674,15.654951354479365,1.6354569785525683,-3.1092896668957337
Lowes,2025,Risk Factors,14519,114,30,113,78.51780425649149,20.66258006749776,77.82905158757491,2.2096647216077656,-0.41300132785107735,0.06742368059816783
Lowes,2026,Risk Factors,14374,116,30,110,80.70126617503826,20.871017114234032,76.52706275219145,2.1834619185467687,0.20843704673627172,-1.3019888353834546
Target,2022,MD&A,24547,88,75,153,35.84959465515134,30.55363180836762,62.32940888906995,,,
Target,2023,MD&A,23889,102,73,150,42.697475825693836,30.557997404663233,62.79040562602034,6.847881170542493,0.004365596295613727,0.4609967369503849
Target,2024,MD&A,25449,124,77,144,48.72490078195607,30.25659161460175,56.583755746787695,6.027424956262237,-0.3014057900614837,-6.206649879232643
Target,2025,MD&A,27980,136,79,151,48.60614724803431,28.234453180843463,53.967119370979276,-0.1187535339217618,-2.022138433758286,-2.616636375808419
Target,2026,MD&A,29270,150,83,145,51.247010591048856,28.3566791937137,49.53877690468056,2.6408633430145443,0.12222601287023593,-4.428342466298716
Target,2022,Risk Factors,6999,47,9,43,67.15245035005,12.858979854264895,61.43734819259894,,,
Target,2023,Risk Factors,6871,61,7,39,88.77892592053558,10.187745597438509,56.76029690001455,21.62647557048558,-2.671234256826386,-4.6770512925843875
Target,2024,Risk Factors,8619,88,9,40,102.10001160227404,10.442046641141664,46.40909618285184,13.321085681738452,0.25430104370315476,-10.351200717162712
Target,2025,Risk Factors,11003,97,20,52,88.15777515223121,18.176860856130148,47.25983822593838,-13.942236450042827,7.734814214988484,0.8507420430865409
Target,2026,Risk Factors,12072,106,22,57,87.80649436713054,18.223989396951623,47.21669980119284,-0.35128078510066985,0.04712854082147544,-0.043138424745542636
Walmart,2022,MD&A,46783,147,209,259,31.42167026483979,44.674347519398076,55.36199046662249,,,
Walmart,2023,MD&A,48247,157,234,235,32.5408833709868,48.50042489688478,48.707691669948396,1.1192131061470079,3.8260773774867047,-6.654298796674091
Walmart,2024,MD&A,50918,193,213,244,37.90408107152677,41.83196512038964,47.92018539612711,5.3631977005399705,-6.6684597764951405,-0.7875062738212861
Walmart,2025,MD&A,49935,196,179,269,39.2510263342345,35.84660058075498,53.87003104035246,1.3469452627077345,-5.985364539634659,5.9498456442253485
Walmart,2026,MD&A,48068,188,166,282,39.111259049679624,34.53440958641924,58.666888574519426,-0.1397672845548783,-1.3121909943357437,4.796857534166968
Walmart,2022,Risk Factors,18897,94,44,88,49.74334550457745,23.2841191723554,46.5682383447108,,,
Walmart,2023,Risk Factors,19858,101,46,87,50.86111390875214,23.164467720817807,43.81105851545977,1.11776840417469,-0.11965145153759238,-2.7571798292510294
Walmart,2024,Risk Factors,22467,136,50,99,60.53322650999243,22.254862687497216,44.06462812124449,9.672112601240293,-0.9096050333205916,0.253569605784719
Walmart,2025,Risk Factors,22812,146,56,103,64.00140277047169,24.548483254427495,45.15167455725057,3.468176260479254,2.2936205669302794,1.0870464360060836
Walmart,2026,Risk Factors,21703,141,54,95,64.96797677740405,24.88135280836751,43.77275031101691,0.9665740069323618,0.3328695539400144,-1.378924246233666
